0B	  11 days ago	 from local
0B	  11 days ago	 from local
0B	  11 days ago	 from local
0B	  11 days ago	 from local
0B	  11 days ago	 from local
0B	  11 days ago	 from local
0B	  11 days ago	 from local
0B	  11 days ago	 from local
0B	  11 days ago	 from local
0B	  11 days ago	 from local
0B	  11 days ago	 from local
0B	  11 days ago	 from local
0B	  11 days ago	 from local
0B	  2 days ago	 [runtime 8/22] COPY --from=builder /opt/vllm /opt/vllm
0B	  11 days ago	 from local
0B	  11 days ago	 from local
0B	  11 days ago	 from local
0B	  11 days ago	 from local
0B	  11 days ago	 from local
0B	  11 days ago	 from local
0B	  10 days ago	 [builder 1/12] WORKDIR /opt/tt-metal
0B	  11 days ago	 from local
0B	  11 days ago	 from local
0B	  11 days ago	 from local
0B	  46 hours ago	 [runtime 8/22] COPY --from=builder /opt/vllm /opt/vllm
0B	  11 days ago	 from local
0B	  10 days ago	 [builder 1/12] WORKDIR /opt/tt-metal
0B	  10 days ago	 [runtime 8/22] COPY --from=builder /opt/vllm /opt/vllm
0B	  11 days ago	 from local
0B	  11 days ago	 from local
0B	  3 days ago	 [builder 1/12] WORKDIR /opt/tt-metal
0B	  11 days ago	 from local
0B	  11 days ago	 from local
0B	  11 days ago	 from local
0B	  46 hours ago	 pulled from docker.io/docker/dockerfile:1.7-labs@sha256:b99fecfe00268a8b556fad7d9c37ee25d716ae08a5d
0B	  11 days ago	 from local
0B	  11 days ago	 from local
0B	  11 days ago	 from local
0B	  3 days ago	 [runtime 8/22] COPY --from=builder /opt/vllm /opt/vllm
0B	  11 days ago	 from local
0B	  10 days ago	 [runtime 8/22] COPY --from=builder /opt/vllm /opt/vllm
0B	  3 days ago	 [runtime 8/22] COPY --from=builder /opt/vllm /opt/vllm
0B	  11 days ago	 from local
0B	  11 days ago	 from local
0B	  11 days ago	 from local
0B	  11 days ago	 from local
0B	  10 days ago	 from local
0B	  11 days ago	 from local
0B	  10 days ago	 [runtime 8/22] COPY --from=builder /opt/vllm /opt/vllm
0B	  11 days ago	 from local
16.03kB	  46 hours ago	 local source for dockerfile
24.53kB	  46 hours ago	 mount / from exec /bin/bash -euo pipefail -c git init -q /opt/tt-metal && git -C /opt/tt-metal -c u
24.53kB	  10 days ago	 mount / from exec /bin/bash -euo pipefail -c git init -q /opt/tt-metal && git -C /opt/tt-metal -c u
24.53kB	  10 days ago	 mount / from exec /bin/bash -euo pipefail -c git init -q /opt/tt-metal && git -C /opt/tt-metal -c u
333.7kB	  10 days ago	 mount / from exec /bin/sh -c existing="$(getent passwd 1000 | cut -d: -f1)" && if [ -n "$existing" 
333.7kB	  10 days ago	 mount / from exec /bin/sh -c existing="$(getent passwd 1000 | cut -d: -f1)" && if [ -n "$existing" 
333.7kB	  10 days ago	 mount / from exec /bin/sh -c existing="$(getent passwd 1000 | cut -d: -f1)" && if [ -n "$existing" 
333.7kB	  3 days ago	 mount / from exec /bin/sh -c existing="$(getent passwd 1000 | cut -d: -f1)" && if [ -n "$existing" 
561.8kB	  20 seconds ago	 [builder 3/12] COPY code/ /opt/tt-metal/
597.4kB	  22 seconds ago	 [builder 3/12] COPY code/ /opt/tt-metal/
804.8kB	  18 seconds ago	 [builder 3/12] COPY code/ /opt/tt-metal/
1.037MB	  17 seconds ago	 [builder 3/12] COPY code/ /opt/tt-metal/
1.216MB	  21 seconds ago	 [builder 3/12] COPY code/ /opt/tt-metal/
1.251MB	  23 seconds ago	 [builder 3/12] COPY code/ /opt/tt-metal/
33.09MB	  10 days ago	 [runtime 4/22] COPY --from=builder /opt/openmpi-v5.0.7-ulfm /opt/openmpi-v5.0.7-ulfm
33.09MB	  10 days ago	 [runtime 4/22] COPY --from=builder /opt/openmpi-v5.0.7-ulfm /opt/openmpi-v5.0.7-ulfm
33.09MB	  10 days ago	 [runtime 4/22] COPY --from=builder /opt/openmpi-v5.0.7-ulfm /opt/openmpi-v5.0.7-ulfm
33.09MB	  3 days ago	 [runtime 4/22] COPY --from=builder /opt/openmpi-v5.0.7-ulfm /opt/openmpi-v5.0.7-ulfm
63.99MB	  18 seconds ago	 [runtime 13/22] COPY --from=builder --chown=tt:tt /opt/tt-metal/ttnn /opt/tt-metal/ttnn
63.99MB	  18 seconds ago	 [runtime 13/22] COPY --from=builder --chown=tt:tt /opt/tt-metal/ttnn /opt/tt-metal/ttnn
63.99MB	  22 seconds ago	 [runtime 13/22] COPY --from=builder --chown=tt:tt /opt/tt-metal/ttnn /opt/tt-metal/ttnn
63.99MB	  23 seconds ago	 [runtime 13/22] COPY --from=builder --chown=tt:tt /opt/tt-metal/ttnn /opt/tt-metal/ttnn
67.41MB	  20 seconds ago	 [runtime 13/22] COPY --from=builder --chown=tt:tt /opt/tt-metal/ttnn /opt/tt-metal/ttnn
67.41MB	  21 seconds ago	 [runtime 13/22] COPY --from=builder --chown=tt:tt /opt/tt-metal/ttnn /opt/tt-metal/ttnn
67.41MB	  20 seconds ago	 [runtime 13/22] COPY --from=builder --chown=tt:tt /opt/tt-metal/ttnn /opt/tt-metal/ttnn
102.5MB	  10 days ago	 mount / from exec /bin/bash -euo pipefail -c uv venv --python "${PYTHON_VERSION}" --relocatable --l
136MB	  46 hours ago	 [runtime 10/22] COPY --from=builder --chown=tt:tt /opt/tt-metal/build_Release /opt/tt-metal/build_R
136MB	  2 days ago	 [runtime 11/22] COPY --from=builder --chown=tt:tt /opt/tt-metal/build /opt/tt-metal/build
136MB	  46 hours ago	 [runtime 11/22] COPY --from=builder --chown=tt:tt /opt/tt-metal/build /opt/tt-metal/build
136MB	  2 days ago	 [runtime 10/22] COPY --from=builder --chown=tt:tt /opt/tt-metal/build_Release /opt/tt-metal/build_R
136MB	  3 days ago	 [runtime 10/22] COPY --from=builder --chown=tt:tt /opt/tt-metal/build_Release /opt/tt-metal/build_R
136MB	  3 days ago	 [runtime 11/22] COPY --from=builder --chown=tt:tt /opt/tt-metal/build /opt/tt-metal/build
136MB	  3 days ago	 [runtime 11/22] COPY --from=builder --chown=tt:tt /opt/tt-metal/build /opt/tt-metal/build
136MB	  3 days ago	 [runtime 10/22] COPY --from=builder --chown=tt:tt /opt/tt-metal/build_Release /opt/tt-metal/build_R
137.7MB	  10 days ago	 [runtime 10/22] COPY --from=builder --chown=tt:tt /opt/tt-metal/build_Release /opt/tt-metal/build_R
137.7MB	  10 days ago	 [runtime 11/22] COPY --from=builder --chown=tt:tt /opt/tt-metal/build /opt/tt-metal/build
137.7MB	  10 days ago	 [runtime 10/22] COPY --from=builder --chown=tt:tt /opt/tt-metal/build_Release /opt/tt-metal/build_R
137.7MB	  10 days ago	 [runtime 11/22] COPY --from=builder --chown=tt:tt /opt/tt-metal/build /opt/tt-metal/build
137.7MB	  10 days ago	 [runtime 10/22] COPY --from=builder --chown=tt:tt /opt/tt-metal/build_Release /opt/tt-metal/build_R
137.7MB	  10 days ago	 [runtime 11/22] COPY --from=builder --chown=tt:tt /opt/tt-metal/build /opt/tt-metal/build
140.2MB	  46 hours ago	 cached mount /root/.cache/ccache from exec /bin/bash -euo pipefail -c ./build_metal.sh --enable-cca
162.3MB	  3 days ago	 [metal-local 1/1] COPY --from=metalsrc --exclude=.git --exclude=.cpmcache --exclude=build_Release* 
180.3MB	  10 days ago	 [runtime 6/22] COPY --from=builder /usr/local/share/uv /usr/local/share/uv
180.3MB	  46 hours ago	 [runtime 6/22] COPY --from=builder /usr/local/share/uv /usr/local/share/uv
180.3MB	  2 days ago	 [runtime 6/22] COPY --from=builder /usr/local/share/uv /usr/local/share/uv
180.3MB	  10 days ago	 [runtime 6/22] COPY --from=builder /usr/local/share/uv /usr/local/share/uv
180.3MB	  10 days ago	 [runtime 6/22] COPY --from=builder /usr/local/share/uv /usr/local/share/uv
190.8MB	  2 days ago	 [runtime 12/22] COPY --from=builder --chown=tt:tt /opt/tt-metal/tt_metal /opt/tt-metal/tt_metal
190.8MB	  46 hours ago	 [runtime 12/22] COPY --from=builder --chown=tt:tt /opt/tt-metal/tt_metal /opt/tt-metal/tt_metal
190.8MB	  3 days ago	 [runtime 12/22] COPY --from=builder --chown=tt:tt /opt/tt-metal/tt_metal /opt/tt-metal/tt_metal
190.8MB	  3 days ago	 [runtime 12/22] COPY --from=builder --chown=tt:tt /opt/tt-metal/tt_metal /opt/tt-metal/tt_metal
201MB	  10 days ago	 [runtime 12/22] COPY --from=builder --chown=tt:tt /opt/tt-metal/tt_metal /opt/tt-metal/tt_metal
201MB	  10 days ago	 [runtime 12/22] COPY --from=builder --chown=tt:tt /opt/tt-metal/tt_metal /opt/tt-metal/tt_metal
201MB	  10 days ago	 [runtime 12/22] COPY --from=builder --chown=tt:tt /opt/tt-metal/tt_metal /opt/tt-metal/tt_metal
203.2MB	  10 days ago	 mount / from exec /bin/sh -c apt-get update && apt-get install -y --no-install-recommends libhwloc1
203.2MB	  10 days ago	 mount / from exec /bin/sh -c apt-get update && apt-get install -y --no-install-recommends libhwloc1
203.2MB	  10 days ago	 mount / from exec /bin/sh -c apt-get update && apt-get install -y --no-install-recommends libhwloc1
203.2MB	  3 days ago	 mount / from exec /bin/sh -c apt-get update && apt-get install -y --no-install-recommends libhwloc1
452.9MB	  10 days ago	 [runtime 5/22] COPY --from=builder /opt/tenstorrent /opt/tenstorrent
452.9MB	  3 days ago	 [runtime 5/22] COPY --from=builder /opt/tenstorrent /opt/tenstorrent
452.9MB	  10 days ago	 [runtime 5/22] COPY --from=builder /opt/tenstorrent /opt/tenstorrent
452.9MB	  10 days ago	 [runtime 5/22] COPY --from=builder /opt/tenstorrent /opt/tenstorrent
453.4MB	  3 days ago	 [runtime 9/22] COPY --from=builder --chown=tt:tt /opt/tt-metal/runtime /opt/tt-metal/runtime
453.4MB	  46 hours ago	 [runtime 9/22] COPY --from=builder --chown=tt:tt /opt/tt-metal/runtime /opt/tt-metal/runtime
453.4MB	  3 days ago	 [runtime 9/22] COPY --from=builder --chown=tt:tt /opt/tt-metal/runtime /opt/tt-metal/runtime
453.4MB	  2 days ago	 [runtime 9/22] COPY --from=builder --chown=tt:tt /opt/tt-metal/runtime /opt/tt-metal/runtime
453.4MB	  10 days ago	 [runtime 9/22] COPY --from=builder --chown=tt:tt /opt/tt-metal/runtime /opt/tt-metal/runtime
453.4MB	  10 days ago	 [runtime 9/22] COPY --from=builder --chown=tt:tt /opt/tt-metal/runtime /opt/tt-metal/runtime
453.4MB	  10 days ago	 [runtime 9/22] COPY --from=builder --chown=tt:tt /opt/tt-metal/runtime /opt/tt-metal/runtime
812.8MB	  10 days ago	 [metal-local 1/1] COPY --from=metalsrc --exclude=.git --exclude=.cpmcache --exclude=build_Release* 
812.8MB	  10 days ago	 [metal-local 1/1] COPY --from=metalsrc --exclude=.git --exclude=.cpmcache --exclude=build_Release* 
1.084GB	  3 days ago	 [runtime 7/22] COPY --from=builder /opt/tt-venv /opt/tt-venv
1.084GB	  3 days ago	 [runtime 7/22] COPY --from=builder /opt/tt-venv /opt/tt-venv
1.085GB	  46 hours ago	 [runtime 7/22] COPY --from=builder /opt/tt-venv /opt/tt-venv
1.085GB	  2 days ago	 [runtime 7/22] COPY --from=builder /opt/tt-venv /opt/tt-venv
1.086GB	  10 days ago	 [runtime 7/22] COPY --from=builder /opt/tt-venv /opt/tt-venv
1.086GB	  10 days ago	 [runtime 7/22] COPY --from=builder /opt/tt-venv /opt/tt-venv
1.086GB	  10 days ago	 [runtime 7/22] COPY --from=builder /opt/tt-venv /opt/tt-venv
3.353GB	  46 hours ago	 cached mount /cpm from exec /bin/bash -euo pipefail -c ./build_metal.sh --enable-ccache --cpm-sourc
